regime,a_error_sd,b_error_sd,participant,t,learn_auc,transfer_auc
lazy_50,0,0,sim_study2_near_sub41,320,303.66312275473473,263.73447675493776
lazy_50,0,0,sim_study1_near_sub23,293,1238.1833846691895,3791.0291742577897
lazy_50,0,0,sim_study1_near_sub37,214,172.94076342726507,1631.7515880521096
lazy_50,0,0,sim_study1_near_sub36,634,86.79695302757325,473.88592354934485
lazy_50,0,0,sim_study2_near_sub68,306,261.8913066118055,635.2234343229983
lazy_50,0,0,sim_study2_near_sub42,201,0.0,3189.711135074876
lazy_50,0,0,sim_study1_near_sub34,482,573.9320902514887,1140.5093819158608
lazy_50,0,0,sim_study1_near_sub21,311,340.5008561568572,1641.7394598141693
lazy_50,0,0,sim_study1_near_sub35,627,510.3013803412209,175.63350673230258
lazy_50,0,0,sim_study2_near_sub43,727,356.08953517827126,281.3708471659658
lazy_50,0,0,sim_study2_near_sub57,306,627.3328253990067,1276.0330673566305
lazy_50,0,0,sim_study2_near_sub53,246,450.9997701840862,1706.6349260104466
lazy_50,0,0,sim_study2_near_sub47,208,0.0,3154.116343332158
lazy_50,0,0,sim_study1_near_sub31,161,747.7255078470587,1631.5299631142623
lazy_50,0,0,sim_study1_near_sub18,419,97.30477108822222,671.4713488192056
lazy_50,0,0,sim_study1_near_sub24,133,239.88236045146428,1736.9900550386565
lazy_50,0,0,sim_study1_near_sub30,194,0.0,4165.6784525347375
lazy_50,0,0,sim_study2_near_sub46,168,185.1976339453515,2787.273636739061
lazy_50,0,0,sim_study2_near_sub52,245,736.8999186924142,86.56328789683943
lazy_50,0,0,sim_study2_near_sub44,290,774.5449615583088,804.10882439794
lazy_50,0,0,sim_study1_near_sub26,276,301.15633341666944,751.1512443573583
lazy_50,0,0,sim_study1_near_sub32,134,291.125496200988,2741.944870546641
lazy_50,0,0,sim_study1_near_sub33,263,283.8395269285178,941.6887863622758
lazy_50,0,0,sim_study2_near_sub51,194,0.0,499.0160780619633
lazy_50,0,0,sim_study2_near_sub45,147,75.02194135023973,4542.223791788084
lazy_50,0,0,sim_study2_near_sub36,274,0.0,2247.6400242312357
lazy_50,0,0,sim_study1_near_sub40,233,1126.7514277384864,952.028913064957
lazy_50,0,0,sim_study1_near_sub54,168,625.8837237903374,1507.3785251930524
lazy_50,0,0,sim_study1_near_sub41,133,0.0,5636.276338361982
lazy_50,0,0,sim_study1_near_sub69,126,288.1504158778938,757.1657271443739
lazy_50,0,0,sim_study2_near_sub37,232,578.2521779594327,0.0
lazy_50,0,0,sim_study2_near_sub21,280,0.0,1998.263442429364
lazy_50,0,0,sim_study1_near_sub57,339,58.062716106649376,555.3038474149619
lazy_50,0,0,sim_study1_near_sub43,331,56.40001983325381,1324.215149152204
lazy_50,0,0,sim_study1_near_sub8,140,2.1466323268580383,2722.647668587233
lazy_50,0,0,sim_study1_near_sub9,137,288.4474235587212,1880.1177995297717
lazy_50,0,0,sim_study1_near_sub56,353,225.18684926210295,1357.010368326135
lazy_50,0,0,sim_study2_near_sub20,164,113.5692682937972,2830.1623764522765
lazy_50,0,0,sim_study2_near_sub30,189,0.0,2313.476557987543
lazy_50,0,0,sim_study1_near_sub52,221,409.9138015597921,548.9560088611162
lazy_50,0,0,sim_study2_near_sub8,256,601.9290960526077,1827.5917612778862
lazy_50,0,0,sim_study2_near_sub9,435,534.917625703953,750.1702871768794
lazy_50,0,0,sim_study1_near_sub47,268,433.2977031172043,584.1721638910597
lazy_50,0,0,sim_study1_near_sub53,302,166.22037731461938,2286.0742003775085
lazy_50,0,0,sim_study2_near_sub19,113,1696.8364150761026,4498.971134714019
lazy_50,0,0,sim_study2_near_sub31,152,0.0,2301.0252439203105
lazy_50,0,0,sim_study2_near_sub27,229,1346.4555907778213,1338.2371516887456
lazy_50,0,0,sim_study2_near_sub33,375,590.1649503558419,956.998895560167
lazy_50,0,0,sim_study1_near_sub45,119,800.8564405147564,716.0255031652174
lazy_50,0,0,sim_study1_near_sub50,126,118.3149334764671,1549.2726847566582
lazy_50,0,0,sim_study2_near_sub32,321,468.3710441544795,1989.3422046815335
lazy_50,0,0,sim_study2_near_sub26,525,423.2407470082843,1197.4117144532092
lazy_50,0,0,sim_study2_near_sub17,157,122.06007891452137,3263.6760586468304
lazy_50,0,0,sim_study1_near_sub49,226,259.8292535294752,1834.9112498873028
lazy_50,0,0,sim_study1_near_sub2,148,750.070599157352,2607.678442614412
lazy_50,0,0,sim_study2_near_sub7,895,205.14656039410187,810.7389104813609
lazy_50,0,0,sim_study2_near_sub6,162,3.3261999634879724,2061.457645515886
lazy_50,0,0,sim_study1_near_sub74,181,286.0654607191116,2325.110806675138
lazy_50,0,0,sim_study2_near_sub16,215,166.91332411605285,3050.082332971505
lazy_50,0,0,sim_study2_near_sub28,364,378.4233178089123,755.0970842108047
lazy_50,0,0,sim_study2_near_sub14,119,1405.5466391256055,2370.203913422595
lazy_50,0,0,sim_study1_near_sub1,131,776.1731896984033,4343.822174246664
lazy_50,0,0,sim_study2_near_sub4,136,0.0,3887.32319594232
lazy_50,0,0,sim_study1_near_sub63,429,391.4177804228427,1035.5476278606816
lazy_50,0,0,sim_study2_near_sub15,243,300.4557038242917,2369.5744006251125
lazy_50,0,0,sim_study2_near_sub11,159,1101.4145841212362,2381.6634547056833
lazy_50,0,0,sim_study2_near_sub39,190,960.4583538009069,1309.4692995231494
lazy_50,0,0,sim_study1_near_sub67,599,351.15785069349204,169.28659596920576
lazy_50,0,0,sim_study1_near_sub4,196,916.4582765423704,3303.4610655394945
lazy_50,0,0,sim_study2_near_sub1,120,390.85409318038745,0.008070185206209612
lazy_50,0,0,sim_study1_near_sub5,167,457.7517688414954,2580.3496834050234
lazy_50,0,0,sim_study1_near_sub66,205,291.03735369624883,680.6573656225765
lazy_50,0,0,sim_study1_near_sub72,343,624.7366918110388,1138.1287432806284
lazy_50,0,0,sim_study2_near_sub38,119,0.0,5697.416197359299
lazy_50,0,0,sim_study2_near_sub12,149,261.3320476990571,1539.5981922957126
lazy_50,0,0,sim_study1_near_sub70,160,155.87609808090014,3572.1366278559008
lazy_50,0,0,sim_study1_near_sub58,230,1182.8908600089098,5141.199529759877
lazy_50,0,0,sim_study1_near_sub7,187,165.55325663622534,1276.2726902786876
lazy_50,0,0,sim_study2_near_sub2,145,543.2286878875516,1051.8144146099482
lazy_50,0,0,sim_study1_near_sub6,198,426.80240930134164,1083.5994095022331
lazy_50,0,0,sim_study1_near_sub59,142,218.40362670652019,851.6147678954991
lazy_50,0,0,sim_study1_near_sub71,114,490.4445684236922,0.21398385700304054
lazy_50,0,0,sim_study2_near_sub75,215,67.23206635952796,1202.064714626901
lazy_50,0,0,sim_study2_near_sub61,126,765.6040636425637,2062.963575161753
lazy_50,0,0,sim_study2_near_sub63,126,603.7588967191728,4013.2857147489717
lazy_50,0,0,sim_study1_near_sub29,128,311.9462263963536,2558.048185440765
lazy_50,0,0,sim_study1_near_sub15,318,478.54417586683485,1576.9714314127264
lazy_50,0,0,sim_study1_near_sub14,296,181.32024562408174,489.63556407423346
lazy_50,0,0,sim_study1_near_sub28,478,158.9277539341144,135.67302251487018
lazy_50,0,0,sim_study2_near_sub72,463,533.1699851160176,585.0078655599165
lazy_50,0,0,sim_study2_near_sub66,421,0.0,931.4722116471862
lazy_50,0,0,sim_study1_near_sub10,104,21.281862207149402,0.5578327291350433
lazy_50,0,0,sim_study1_near_sub38,222,1093.374497267569,5295.01714087617
lazy_50,0,0,sim_study1_near_sub39,226,391.7943227233159,1133.4538741722056
lazy_50,0,0,sim_study2_near_sub73,288,755.0359799252738,2696.4299918570614
lazy_50,0,0,sim_study2_near_sub65,270,0.0,1152.9754207057822
lazy_50,0,0,sim_study2_near_sub71,279,662.3003340743378,1022.1949002163253
lazy_50,0,0,sim_study2_near_sub59,141,1161.8869171967808,1651.1791055789122
lazy_50,0,0,sim_study2_near_sub58,139,0.0,2655.4055420156815
lazy_50,0,0,sim_study2_near_sub70,219,544.3030578551759,1473.7303529156957
lazy_50,0,0,sim_study2_near_sub64,363,67.41760411803958,1543.680659162727
lazy_50,0,8,sim_study2_near_sub41,5467,555.6200757135884,94.40823557395461
lazy_50,0,8,sim_study1_near_sub23,5194,1182.3906096326164,4925.602558772194
lazy_50,0,8,sim_study1_near_sub37,5105,355.32916511823714,2171.821642542592
lazy_50,0,8,sim_study1_near_sub36,5469,125.98818896055005,525.5322393694231
lazy_50,0,8,sim_study2_near_sub68,5553,412.52147969618807,1388.799956738697
lazy_50,0,8,sim_study2_near_sub42,5297,0.0,2427.7054442486606
lazy_50,0,8,sim_study1_near_sub34,5529,788.4875851785989,1310.728454134427
lazy_50,0,8,sim_study1_near_sub21,5491,785.1483501102413,3938.0781560154905
lazy_50,0,8,sim_study1_near_sub35,5446,451.30147847131985,437.9239095325515
lazy_50,0,8,sim_study2_near_sub43,5230,587.7887717672984,208.64696026384092
lazy_50,0,8,sim_study2_near_sub57,5552,918.344996700687,1997.5430815532766
lazy_50,0,8,sim_study2_near_sub53,5467,437.85652488607377,1824.1842197127949
lazy_50,0,8,sim_study2_near_sub47,5428,413.28589192454683,3146.0325538753145
lazy_50,0,8,sim_study1_near_sub31,2616,741.75548705694,1650.4934161247693
lazy_50,0,8,sim_study1_near_sub18,5456,58.372886297360196,763.1970174820511
lazy_50,0,8,sim_study1_near_sub24,5091,244.09303466167526,2110.3658067841193
lazy_50,0,8,sim_study1_near_sub30,4279,34.783647754640775,6151.439970761739
lazy_50,0,8,sim_study2_near_sub46,4975,330.3904506800583,5049.577124038248
lazy_50,0,8,sim_study2_near_sub52,5086,691.5430995443066,518.6421708764925
lazy_50,0,8,sim_study2_near_sub44,5346,854.8842580279443,1006.2104820674667
lazy_50,0,8,sim_study1_near_sub26,5271,381.5383983079719,632.6469537768387
lazy_50,0,8,sim_study1_near_sub32,3948,357.55751121326864,1825.7947248036407
lazy_50,0,8,sim_study1_near_sub33,5306,269.82767465929965,430.4958557318755
lazy_50,0,8,sim_study2_near_sub51,5549,81.64201620502746,1079.1504862726063
lazy_50,0,8,sim_study2_near_sub45,3203,515.7573098310356,5698.062895942978
lazy_50,0,8,sim_study2_near_sub36,5358,112.98336353871395,1654.2938846030893
lazy_50,0,8,sim_study1_near_sub40,4843,1365.5039771178538,931.2867093766268
lazy_50,0,8,sim_study1_near_sub54,4957,922.246911146373,2220.8843274738515
lazy_50,0,8,sim_study1_near_sub41,135,0.0,5542.6698448128045
lazy_50,0,8,sim_study1_near_sub69,5264,116.18864971627436,932.3519514624821
lazy_50,0,8,sim_study2_near_sub37,5064,472.01288289528185,0.0
lazy_50,0,8,sim_study2_near_sub21,5443,0.0,1990.906749682985
lazy_50,0,8,sim_study1_near_sub57,5258,218.83185843826217,2292.527531212413
lazy_50,0,8,sim_study1_near_sub43,5487,122.34167242433118,1119.823987413871
lazy_50,0,8,sim_study1_near_sub8,2164,2.831123882431223,1564.7577909023667
lazy_50,0,8,sim_study1_near_sub9,3802,328.6780985537407,1867.8492626019456
lazy_50,0,8,sim_study1_near_sub56,5176,179.5634161137323,2026.3203510336887
lazy_50,0,8,sim_study2_near_sub20,2650,251.57989589339644,5820.1108244065035
lazy_50,0,8,sim_study2_near_sub30,3946,0.0,1473.643978766897
lazy_50,0,8,sim_study1_near_sub52,4913,549.4562150411305,771.7691556655
lazy_50,0,8,sim_study2_near_sub8,5296,528.542068778908,1970.7886129303893
lazy_50,0,8,sim_study2_near_sub9,5455,573.4463527971288,1050.9145066163428
lazy_50,0,8,sim_study1_near_sub47,5303,700.5709966519942,783.5778096542374
lazy_50,0,8,sim_study1_near_sub53,5266,274.0500395974122,2129.65674735652
lazy_50,0,8,sim_study2_near_sub19,108,2124.1138753523915,5106.120767532372
lazy_50,0,8,sim_study2_near_sub31,5169,0.0,2737.0254324731422
lazy_50,0,8,sim_study2_near_sub27,5366,1390.243484361804,1082.8250741684387
lazy_50,0,8,sim_study2_near_sub33,4921,496.00082062701813,1494.097586608746
lazy_50,0,8,sim_study1_near_sub45,4686,954.3414536815789,823.2650603849681
lazy_50,0,8,sim_study1_near_sub50,134,0.0,1769.0000227116425
lazy_50,0,8,sim_study2_near_sub32,5107,743.4234002059484,2028.7977420999944
lazy_50,0,8,sim_study2_near_sub26,4995,740.4335880861584,1441.755475174461
lazy_50,0,8,sim_study2_near_sub17,1624,52.869764393160146,2938.0382410952775
lazy_50,0,8,sim_study1_near_sub49,5321,189.34345321196997,2279.031400010611
lazy_50,0,8,sim_study1_near_sub2,5289,949.2845427632403,1958.6674441487814
lazy_50,0,8,sim_study2_near_sub7,5476,131.07778677281766,615.7649816932303
lazy_50,0,8,sim_study2_near_sub6,5245,229.3496508632558,1453.291268894621
lazy_50,0,8,sim_study1_near_sub74,1781,334.0082982615772,1823.2335373941062
lazy_50,0,8,sim_study2_near_sub16,187,352.21528037689336,3367.414459034661
lazy_50,0,8,sim_study2_near_sub28,5287,518.8384553458241,134.92633637361092
lazy_50,0,8,sim_study2_near_sub14,4148,1587.7706900999851,1258.454868882022
lazy_50,0,8,sim_study1_near_sub1,102,899.2754376291374,4103.493533470117
lazy_50,0,8,sim_study2_near_sub4,1060,16.63146549420015,5375.590618574793
lazy_50,0,8,sim_study1_near_sub63,5534,351.9721670352416,1533.1633864492258
lazy_50,0,8,sim_study2_near_sub15,5431,430.84659637770267,2606.6254540538225
lazy_50,0,8,sim_study2_near_sub11,5031,1426.1377984749872,2707.652564794093
lazy_50,0,8,sim_study2_near_sub39,5474,953.2273124653437,1309.3949442880414
lazy_50,0,8,sim_study1_near_sub67,5238,426.9947893052456,241.80796741994175
lazy_50,0,8,sim_study1_near_sub4,4055,782.2608350170475,3253.5546836810686
lazy_50,0,8,sim_study2_near_sub1,5456,362.3522353205793,11.740910726265662
lazy_50,0,8,sim_study1_near_sub5,4552,669.1742914672614,2790.321807287318
lazy_50,0,8,sim_study1_near_sub66,5084,451.2246596227318,696.3642091468073
lazy_50,0,8,sim_study1_near_sub72,5263,719.2304321944619,786.8705461476462
lazy_50,0,8,sim_study2_near_sub38,108,13.67707675127808,5887.219608749891
lazy_50,0,8,sim_study2_near_sub12,5170,327.18965267724275,1224.9629735345566
lazy_50,0,8,sim_study1_near_sub70,3998,0.0,4367.15884996281
lazy_50,0,8,sim_study1_near_sub58,4533,1162.739260701575,6064.7821129107015
lazy_50,0,8,sim_study1_near_sub7,3425,303.4576641326657,463.8202992910868
lazy_50,0,8,sim_study2_near_sub2,5324,709.2063575399907,1276.8033956026097
lazy_50,0,8,sim_study1_near_sub6,5299,509.3214123478318,1357.3039024649381
lazy_50,0,8,sim_study1_near_sub59,2374,222.7649015333185,1061.5460440724382
lazy_50,0,8,sim_study1_near_sub71,5220,620.3913088048455,0.4187038079263099
lazy_50,0,8,sim_study2_near_sub75,5125,267.64508219156914,148.22784228518822
lazy_50,0,8,sim_study2_near_sub61,4898,847.2625559403309,2547.3403701585967
lazy_50,0,8,sim_study2_near_sub63,115,806.1543123604282,4266.919349423593
lazy_50,0,8,sim_study1_near_sub29,2412,412.83944371809577,1054.6121252273433
lazy_50,0,8,sim_study1_near_sub15,5436,537.0212633783815,2284.269474962185
lazy_50,0,8,sim_study1_near_sub14,4885,361.9848236019516,267.63042175936664
lazy_50,0,8,sim_study1_near_sub28,5398,156.73129545804653,790.91977335086
lazy_50,0,8,sim_study2_near_sub72,5380,441.7039111132817,757.4214395842554
lazy_50,0,8,sim_study2_near_sub66,5414,0.0,1048.0821599247402
lazy_50,0,8,sim_study1_near_sub10,5456,197.30382557197035,18.648384958905805
lazy_50,0,8,sim_study1_near_sub38,210,1170.4417795831614,3333.985403524496
lazy_50,0,8,sim_study1_near_sub39,4636,320.0293766576213,1430.900377329283
lazy_50,0,8,sim_study2_near_sub73,5262,801.6905383181085,2829.2436432938443
lazy_50,0,8,sim_study2_near_sub65,5241,0.0,902.1823794572497
lazy_50,0,8,sim_study2_near_sub71,5427,697.181941622237,1204.9122660305854
lazy_50,0,8,sim_study2_near_sub59,120,1099.7669923923572,1592.3421468597035
lazy_50,0,8,sim_study2_near_sub58,4507,66.88426954555618,2494.036856906011
lazy_50,0,8,sim_study2_near_sub70,190,551.5827285635148,1858.927788517112
lazy_50,0,8,sim_study2_near_sub64,4235,78.01973048302892,774.8211428662557
lazy_50,8,0,sim_study2_near_sub41,319,290.23508959847936,234.4317865399919
lazy_50,8,0,sim_study1_near_sub23,265,499.64673291589844,4223.4688808319515
lazy_50,8,0,sim_study1_near_sub37,221,0.0,1591.9396252750928
lazy_50,8,0,sim_study1_near_sub36,637,0.0,497.46060078620013
lazy_50,8,0,sim_study2_near_sub68,306,185.58993793975068,657.2987029233767
lazy_50,8,0,sim_study2_near_sub42,200,0.0,1829.3999611931886
lazy_50,8,0,sim_study1_near_sub34,468,506.5310451491898,1130.380978412831
lazy_50,8,0,sim_study1_near_sub21,287,359.46750482883954,1246.1596792922403
lazy_50,8,0,sim_study1_near_sub35,626,381.58043754601556,132.17960718294887
lazy_50,8,0,sim_study2_near_sub43,736,361.0736342314644,235.13631812850554
lazy_50,8,0,sim_study2_near_sub57,306,410.40354033449,1290.527335385061
lazy_50,8,0,sim_study2_near_sub53,239,123.40473687554669,1168.5665442373397
lazy_50,8,0,sim_study2_near_sub47,208,0.0,3391.6157529056163
lazy_50,8,0,sim_study1_near_sub31,162,900.8422359194483,1467.870931399894
lazy_50,8,0,sim_study1_near_sub18,407,0.0,749.8933688888297
lazy_50,8,0,sim_study1_near_sub24,137,119.09421314888604,1838.1427610842097
lazy_50,8,0,sim_study1_near_sub30,208,0.0,4332.176881982143
lazy_50,8,0,sim_study2_near_sub46,192,0.0,3518.2723108461223
lazy_50,8,0,sim_study2_near_sub52,255,527.0335358736465,141.04751563631004
lazy_50,8,0,sim_study2_near_sub44,286,522.6662407381185,802.4599764359962
lazy_50,8,0,sim_study1_near_sub26,251,722.9212097813622,740.3580182831174
lazy_50,8,0,sim_study1_near_sub32,131,173.00669672337048,1732.702818598602
lazy_50,8,0,sim_study1_near_sub33,263,298.334679809215,942.3683938804901
lazy_50,8,0,sim_study2_near_sub51,188,62.46487498575982,454.9076090202132
lazy_50,8,0,sim_study2_near_sub45,147,138.92085859351485,6119.9662178062445
lazy_50,8,0,sim_study2_near_sub36,278,28.537780969067008,2191.356139931397
lazy_50,8,0,sim_study1_near_sub40,233,948.5240519596732,976.0193432696533
lazy_50,8,0,sim_study1_near_sub54,193,0.0,1406.7656989422956
lazy_50,8,0,sim_study1_near_sub41,133,0.0,5331.213200640246
lazy_50,8,0,sim_study1_near_sub69,124,4.200231951273582,566.8768516273923
lazy_50,8,0,sim_study2_near_sub37,233,598.8554313838921,0.0
lazy_50,8,0,sim_study2_near_sub21,270,0.0,1756.8739087654449
lazy_50,8,0,sim_study1_near_sub57,324,112.53071325159056,481.4831578369973
lazy_50,8,0,sim_study1_near_sub43,325,0.0,1325.9922914216363
lazy_50,8,0,sim_study1_near_sub8,121,539.4180371970974,43.2171455716871
lazy_50,8,0,sim_study1_near_sub9,138,266.5020569929789,1955.6787676423205
lazy_50,8,0,sim_study1_near_sub56,353,110.73616557266425,1253.207787485256
lazy_50,8,0,sim_study2_near_sub20,198,152.59337960362652,2721.500800556773
lazy_50,8,0,sim_study2_near_sub30,189,49.03018378976329,2062.022625754429
lazy_50,8,0,sim_study1_near_sub52,220,631.3432403056838,499.67229387896157
lazy_50,8,0,sim_study2_near_sub8,258,364.3949911292855,1931.855390446492
lazy_50,8,0,sim_study2_near_sub9,411,336.4688507217147,576.2517340236712
lazy_50,8,0,sim_study1_near_sub47,270,0.0,675.9946818790112
lazy_50,8,0,sim_study1_near_sub53,302,104.16826204486834,2335.689655517915
lazy_50,8,0,sim_study2_near_sub19,104,2250.734337430369,7306.999284282768
lazy_50,8,0,sim_study2_near_sub31,149,0.0,2176.84231878835
lazy_50,8,0,sim_study2_near_sub27,239,1069.9700652152574,1457.8030520877132
lazy_50,8,0,sim_study2_near_sub33,377,371.9802060052215,1054.3893416768713
lazy_50,8,0,sim_study1_near_sub45,121,1034.8912458827763,736.7573836381988
lazy_50,8,0,sim_study1_near_sub50,128,300.4043604206064,1649.5577005784219
lazy_50,8,0,sim_study2_near_sub32,302,405.38049302511513,1790.05835746026
lazy_50,8,0,sim_study2_near_sub26,633,67.79826224479467,1655.4584153599221
lazy_50,8,0,sim_study2_near_sub17,148,0.0,2782.0146658595245
lazy_50,8,0,sim_study1_near_sub49,226,570.8985544325608,2242.232503130742
lazy_50,8,0,sim_study1_near_sub2,147,570.9553344984927,2431.3157418209266
lazy_50,8,0,sim_study2_near_sub7,866,0.0,816.842467851019
lazy_50,8,0,sim_study2_near_sub6,162,0.0,2521.5181668197097
lazy_50,8,0,sim_study1_near_sub74,180,214.34121488419072,2141.752300709693
lazy_50,8,0,sim_study2_near_sub16,215,0.0,2737.005480991511
lazy_50,8,0,sim_study2_near_sub28,369,463.9056122313254,696.7362935577048
lazy_50,8,0,sim_study2_near_sub14,119,1179.5088505265435,2190.5173063879442
lazy_50,8,0,sim_study1_near_sub1,106,337.5366190733172,3380.419510660344
lazy_50,8,0,sim_study2_near_sub4,142,0.0,4523.156780951352
lazy_50,8,0,sim_study1_near_sub63,432,22.74853446906466,966.644785335592
lazy_50,8,0,sim_study2_near_sub15,237,106.95144471595987,2556.2464119658594
lazy_50,8,0,sim_study2_near_sub11,159,880.99380111458,2126.5263670972013
lazy_50,8,0,sim_study2_near_sub39,191,794.8056155280522,2983.7418943856205
lazy_50,8,0,sim_study1_near_sub67,564,187.1872357030952,131.87563538290266
lazy_50,8,0,sim_study1_near_sub4,204,1072.4613882669723,2930.870525264754
lazy_50,8,0,sim_study2_near_sub1,122,310.28483994316935,0.0
lazy_50,8,0,sim_study1_near_sub5,163,546.4717322198957,1879.9373537236838
lazy_50,8,0,sim_study1_near_sub66,203,45.785652827341664,570.6160505127117
lazy_50,8,0,sim_study1_near_sub72,372,403.9490757533612,1609.1920912784665
lazy_50,8,0,sim_study2_near_sub38,128,135.57212398643554,7185.746641188382
lazy_50,8,0,sim_study2_near_sub12,149,167.37067230816578,1487.3076482501524
lazy_50,8,0,sim_study1_near_sub70,169,188.76400160222835,3349.7341715886314
lazy_50,8,0,sim_study1_near_sub58,240,787.6029716311424,5132.317395218464
lazy_50,8,0,sim_study1_near_sub7,185,0.0,1112.3942912755176
lazy_50,8,0,sim_study2_near_sub2,150,547.7666041495065,1165.5282737321859
lazy_50,8,0,sim_study1_near_sub6,198,279.9847015575448,1040.8368278092864
lazy_50,8,0,sim_study1_near_sub59,146,11.518070096663028,1387.2848951157048
lazy_50,8,0,sim_study1_near_sub71,114,148.7430926311466,0.006744363838030648
lazy_50,8,0,sim_study2_near_sub75,215,0.0,1340.1478000516659
lazy_50,8,0,sim_study2_near_sub61,118,673.9681887184174,1694.2310304356488
lazy_50,8,0,sim_study2_near_sub63,138,556.9367115533319,4429.114210376815
lazy_50,8,0,sim_study1_near_sub29,127,166.03275799787963,2568.9036287464305
lazy_50,8,0,sim_study1_near_sub15,318,233.12880345937492,1920.714277950422
lazy_50,8,0,sim_study1_near_sub14,296,0.0,457.6176502629678
lazy_50,8,0,sim_study1_near_sub28,485,0.0,153.1377860245466
lazy_50,8,0,sim_study2_near_sub72,468,480.6446472902547,643.8628790780646
lazy_50,8,0,sim_study2_near_sub66,424,0.0,938.422411628485
lazy_50,8,0,sim_study1_near_sub10,104,31.803468316839513,0.06942855975503333
lazy_50,8,0,sim_study1_near_sub38,213,1020.292132286732,5872.917716377904
lazy_50,8,0,sim_study1_near_sub39,232,78.43480583145761,1412.132381196107
lazy_50,8,0,sim_study2_near_sub73,289,557.1525013937073,2606.924947209784
lazy_50,8,0,sim_study2_near_sub65,272,0.0,1336.4529291663796
lazy_50,8,0,sim_study2_near_sub71,276,480.04328420025024,1042.001966010395
lazy_50,8,0,sim_study2_near_sub59,137,941.4330613471236,1570.7166250621335
lazy_50,8,0,sim_study2_near_sub58,138,0.0,3269.443676430812
lazy_50,8,0,sim_study2_near_sub70,207,606.6037366582306,926.4956225471996
lazy_50,8,0,sim_study2_near_sub64,376,76.40867014691749,1337.1919951315253
lazy_50,8,8,sim_study2_near_sub41,5545,133.83927327838194,327.5404051593582
lazy_50,8,8,sim_study1_near_sub23,4761,459.77883654357413,3538.715265432378
lazy_50,8,8,sim_study1_near_sub37,5213,0.0,1495.6767545857035
lazy_50,8,8,sim_study1_near_sub36,5422,0.0,878.7354400307023
lazy_50,8,8,sim_study2_near_sub68,5280,139.19580350039806,730.53223843828
lazy_50,8,8,sim_study2_near_sub42,5282,0.0,3040.2078245494886
lazy_50,8,8,sim_study1_near_sub34,5328,313.66674598314546,1020.5731203044436
lazy_50,8,8,sim_study1_near_sub21,5529,338.71107616945085,1498.2840485877032
lazy_50,8,8,sim_study1_near_sub35,5466,487.3209041391814,121.37150751207083
lazy_50,8,8,sim_study2_near_sub43,5519,598.8636388211721,553.5483458888677
lazy_50,8,8,sim_study2_near_sub57,5514,656.9775474818459,1377.9003009281018
lazy_50,8,8,sim_study2_near_sub53,5215,0.0,1738.252328395067
lazy_50,8,8,sim_study2_near_sub47,5315,0.0,3742.4789386010916
lazy_50,8,8,sim_study1_near_sub31,168,1028.2912422836143,1587.246382921548
lazy_50,8,8,sim_study1_near_sub18,5327,13.568765732413185,494.6936490040728
lazy_50,8,8,sim_study1_near_sub24,4264,139.26993579469683,1994.0777544794755
lazy_50,8,8,sim_study1_near_sub30,4022,0.0,2071.6244914029153
lazy_50,8,8,sim_study2_near_sub46,5298,0.0,3235.3415261877994
lazy_50,8,8,sim_study2_near_sub52,194,313.9202912620161,378.2316711059017
lazy_50,8,8,sim_study2_near_sub44,241,857.1569694735712,1007.6890351684459
lazy_50,8,8,sim_study1_near_sub26,5116,742.2656498892632,839.1249769340006
lazy_50,8,8,sim_study1_near_sub32,5141,218.18177393695805,943.1347153915713
lazy_50,8,8,sim_study1_near_sub33,5383,353.57516873479995,1198.3364306402084
lazy_50,8,8,sim_study2_near_sub51,4965,132.47708143830152,452.82823792218795
lazy_50,8,8,sim_study2_near_sub45,5353,0.0,4718.327370804943
lazy_50,8,8,sim_study2_near_sub36,5513,0.0,3048.898629697955
lazy_50,8,8,sim_study1_near_sub40,5053,1130.292065827605,1208.0468166251858
lazy_50,8,8,sim_study1_near_sub54,5027,27.15065190964073,1387.26269431399
lazy_50,8,8,sim_study1_near_sub41,4970,0.0,4602.839387291918
lazy_50,8,8,sim_study1_near_sub69,5047,0.0,1130.1843557061288
lazy_50,8,8,sim_study2_near_sub37,5165,382.3532700901604,0.0
lazy_50,8,8,sim_study2_near_sub21,5143,0.0,1367.5352739583634
lazy_50,8,8,sim_study1_near_sub57,4462,34.324993508339716,1375.0449750876242
lazy_50,8,8,sim_study1_near_sub43,5279,0.0,1819.4266831544267
lazy_50,8,8,sim_study1_near_sub8,3960,98.91164536783504,2652.159593465346
lazy_50,8,8,sim_study1_near_sub9,4305,289.11484617798277,1749.38101507922
lazy_50,8,8,sim_study1_near_sub56,5447,177.36759475778666,1320.3055038879436
lazy_50,8,8,sim_study2_near_sub20,2699,135.05314444177247,1811.355693319103
lazy_50,8,8,sim_study2_near_sub30,3960,139.3375743935404,2123.975157345235
lazy_50,8,8,sim_study1_near_sub52,2225,825.9427580058239,275.36114466242725
lazy_50,8,8,sim_study2_near_sub8,4914,487.01506240943957,1401.7223425731238
lazy_50,8,8,sim_study2_near_sub9,5521,595.9288018734487,1147.881303245197
lazy_50,8,8,sim_study1_near_sub47,5354,0.0,328.57878491466397
lazy_50,8,8,sim_study1_near_sub53,4520,170.96873686536549,2383.388396527977
lazy_50,8,8,sim_study2_near_sub19,109,1697.941690038613,7041.152380903129
lazy_50,8,8,sim_study2_near_sub31,4992,0.0,3302.268499417482
lazy_50,8,8,sim_study2_near_sub27,5468,1579.5386752417774,1318.481288084962
lazy_50,8,8,sim_study2_near_sub33,5332,410.71517241810955,155.68250360403715
lazy_50,8,8,sim_study1_near_sub45,4008,997.6430806213139,1002.8724790006199
lazy_50,8,8,sim_study1_near_sub50,118,307.7174162519227,1097.1621548566886
lazy_50,8,8,sim_study2_near_sub32,5144,310.46217807697104,3627.423581365704
lazy_50,8,8,sim_study2_near_sub26,5334,177.83401605352935,1407.199002543208
lazy_50,8,8,sim_study2_near_sub17,5291,0.0,2880.594986389303
lazy_50,8,8,sim_study1_near_sub49,4572,552.3360506791698,2177.6221193326323
lazy_50,8,8,sim_study1_near_sub2,5264,374.70232447788294,2993.7309940807395
lazy_50,8,8,sim_study2_near_sub7,5442,41.66086405622059,1055.2178310334878
lazy_50,8,8,sim_study2_near_sub6,5114,0.0,3175.0757700021204
lazy_50,8,8,sim_study1_near_sub74,115,268.0101416779779,2066.7051184260067
lazy_50,8,8,sim_study2_near_sub16,4539,0.0,2874.9145670288594
lazy_50,8,8,sim_study2_near_sub28,5265,572.5621916369962,849.057492594786
lazy_50,8,8,sim_study2_near_sub14,98,1454.0138042172803,1691.8006497354015
lazy_50,8,8,sim_study1_near_sub1,94,222.93561597950705,3040.0393369145736
lazy_50,8,8,sim_study2_near_sub4,128,84.60843694912587,4442.290435667656
lazy_50,8,8,sim_study1_near_sub63,5485,211.78827999347823,686.6697053332871
lazy_50,8,8,sim_study2_near_sub15,4903,332.6284025213921,2087.1076693611976
lazy_50,8,8,sim_study2_near_sub11,141,693.8074464451174,1962.4250923347088
lazy_50,8,8,sim_study2_near_sub39,5392,688.0276918290785,2251.5021634956124
lazy_50,8,8,sim_study1_near_sub67,5378,344.24872263016874,317.5594405312406
lazy_50,8,8,sim_study1_near_sub4,5240,819.8006085056254,2799.227367809203
lazy_50,8,8,sim_study2_near_sub1,3869,222.1479479664983,0.19544376098783672
lazy_50,8,8,sim_study1_near_sub5,4872,818.1771459108693,2808.5624610724476
lazy_50,8,8,sim_study1_near_sub66,4883,82.67410276089566,432.5359239136179
lazy_50,8,8,sim_study1_near_sub72,5349,307.7718766114069,1168.404274122611
lazy_50,8,8,sim_study2_near_sub38,110,553.711844852445,8281.750031257969
lazy_50,8,8,sim_study2_near_sub12,5434,467.5867710683867,1373.7200620009098
lazy_50,8,8,sim_study1_near_sub70,1952,348.91853442458375,4076.727151160072
lazy_50,8,8,sim_study1_near_sub58,5028,886.2567222591462,7064.082503338266
lazy_50,8,8,sim_study1_near_sub7,4317,0.0076755177772911826,2022.8486374018332
lazy_50,8,8,sim_study2_near_sub2,3277,351.9439144608488,1550.767684758299
lazy_50,8,8,sim_study1_near_sub6,5259,388.7151465070686,605.7793726777799
lazy_50,8,8,sim_study1_near_sub59,4594,300.1756715785125,3130.8791468617287
lazy_50,8,8,sim_study1_near_sub71,5520,521.1707583376021,0.020043758003157552
lazy_50,8,8,sim_study2_near_sub75,5416,101.12418148271422,1412.457799012542
lazy_50,8,8,sim_study2_near_sub61,4971,840.0463372796721,1043.0006093243542
lazy_50,8,8,sim_study2_near_sub63,113,669.9003629986207,3301.9031092696805
lazy_50,8,8,sim_study1_near_sub29,4548,505.9124358807293,3422.1505062709075
lazy_50,8,8,sim_study1_near_sub15,5108,59.93718219737207,2036.1251385050934
lazy_50,8,8,sim_study1_near_sub14,5454,0.0,697.8888249765149
lazy_50,8,8,sim_study1_near_sub28,3631,0.0,41.871984526084994
lazy_50,8,8,sim_study2_near_sub72,5083,583.6059932681742,576.0735753633617
lazy_50,8,8,sim_study2_near_sub66,4588,0.0,960.2370813092165
lazy_50,8,8,sim_study1_near_sub10,4858,20.546896535243473,0.679673842014745
lazy_50,8,8,sim_study1_near_sub38,728,1157.5342492966734,5566.407107694318
lazy_50,8,8,sim_study1_near_sub39,4720,149.3929431560519,1614.8527421028364
lazy_50,8,8,sim_study2_near_sub73,5322,528.4606378319163,1472.3835912262145
lazy_50,8,8,sim_study2_near_sub65,5485,0.0,1539.6285053103434
lazy_50,8,8,sim_study2_near_sub71,5342,352.0131232611601,987.0565056571162
lazy_50,8,8,sim_study2_near_sub59,121,1019.6384640607225,1018.3357463016092
lazy_50,8,8,sim_study2_near_sub58,2913,0.27046066973318894,2182.6071328890876
lazy_50,8,8,sim_study2_near_sub70,151,633.3808651721233,1183.0947446228063
lazy_50,8,8,sim_study2_near_sub64,4775,9.059019266703418,1830.0201252020702
rich_50,0,0,sim_study2_near_sub41,813,362.4956844777632,21.186339066394915
rich_50,0,0,sim_study1_near_sub23,819,346.1761691230905,21.432846550953883
rich_50,0,0,sim_study1_near_sub37,847,350.3784805743467,20.19677637514348
rich_50,0,0,sim_study1_near_sub36,807,327.7522769695503,22.2743588273103
rich_50,0,0,sim_study2_near_sub68,814,374.4375902371788,20.92070862374579
rich_50,0,0,sim_study2_near_sub42,825,391.3881391350958,22.03910818897809
rich_50,0,0,sim_study1_near_sub34,801,343.17177631325217,21.64394596622636
rich_50,0,0,sim_study1_near_sub21,807,352.6568749019342,20.817725329132124
rich_50,0,0,sim_study1_near_sub35,822,383.87244745499993,21.025515923400718
rich_50,0,0,sim_study2_near_sub43,802,380.16395997497557,21.026768364571033
rich_50,0,0,sim_study2_near_sub57,807,376.17769704514353,21.00415213207404
rich_50,0,0,sim_study2_near_sub53,817,370.7330193599256,20.95503881846865
rich_50,0,0,sim_study2_near_sub47,811,382.8845766007681,21.7143747935382
rich_50,0,0,sim_study1_near_sub31,841,376.84166177309396,20.669299665124463
rich_50,0,0,sim_study1_near_sub18,828,377.3256122935111,20.669681033274777
rich_50,0,0,sim_study1_near_sub24,832,362.55992521050075,21.270438662730157
rich_50,0,0,sim_study1_near_sub30,811,376.2368869697188,20.98959879192213
rich_50,0,0,sim_study2_near_sub46,804,369.6821232838089,21.289884694106878
rich_50,0,0,sim_study2_near_sub52,809,356.5328537800366,21.444877801556142
rich_50,0,0,sim_study2_near_sub44,807,389.6253583338324,21.262928932594754
rich_50,0,0,sim_study1_near_sub26,810,373.4664380262627,21.056255768363673
rich_50,0,0,sim_study1_near_sub32,855,399.0359929156169,20.673033080995083
rich_50,0,0,sim_study1_near_sub33,804,353.61577285123894,21.559822268877177
rich_50,0,0,sim_study2_near_sub51,812,348.1356735203223,21.51513161159431
rich_50,0,0,sim_study2_near_sub45,801,370.58556898236793,21.48558080373332
rich_50,0,0,sim_study2_near_sub36,802,361.90405185335806,21.25913285805533
rich_50,0,0,sim_study1_near_sub40,813,326.080591739237,21.87582414907714
rich_50,0,0,sim_study1_near_sub54,809,370.843921619342,21.67377614552776
rich_50,0,0,sim_study1_near_sub41,802,375.43614908605264,20.940912913748374
rich_50,0,0,sim_study1_near_sub69,803,351.9945699458078,21.315920930169526
rich_50,0,0,sim_study2_near_sub37,802,383.89637960432236,20.921680193115023
rich_50,0,0,sim_study2_near_sub21,854,386.9939565742584,21.287381041081
rich_50,0,0,sim_study1_near_sub57,815,331.84875243341924,22.407569624204186
rich_50,0,0,sim_study1_near_sub43,846,344.56831046317575,21.392225480328005
rich_50,0,0,sim_study1_near_sub8,821,376.3458294579809,21.346921991991497
rich_50,0,0,sim_study1_near_sub9,803,378.700411420892,21.197058299339062
rich_50,0,0,sim_study1_near_sub56,819,369.4964164858368,21.52161937523633
rich_50,0,0,sim_study2_near_sub20,800,358.2772948844489,22.63008498574297
rich_50,0,0,sim_study2_near_sub30,805,373.4279169598543,20.91128470751768
rich_50,0,0,sim_study1_near_sub52,844,378.99435093100055,21.569127558606365
rich_50,0,0,sim_study2_near_sub8,804,388.6293838185643,20.92082649745668
rich_50,0,0,sim_study2_near_sub9,821,338.0055409820319,21.27361264048765
rich_50,0,0,sim_study1_near_sub47,840,348.0077877786218,21.30771127634992
rich_50,0,0,sim_study1_near_sub53,802,379.2477596484549,21.14550252345701
rich_50,0,0,sim_study2_near_sub19,802,372.34446621513865,21.10870588949571
rich_50,0,0,sim_study2_near_sub31,820,362.25835871051095,21.87540477591877
rich_50,0,0,sim_study2_near_sub27,802,377.4824052698757,20.98634961461648
rich_50,0,0,sim_study2_near_sub33,810,384.0248541551259,21.077281824313104
rich_50,0,0,sim_study1_near_sub45,823,387.50131970882336,21.064071340486407
rich_50,0,0,sim_study1_near_sub50,806,382.14227439098863,21.376633510397127
rich_50,0,0,sim_study2_near_sub32,817,359.59079263954385,21.30022301704933
rich_50,0,0,sim_study2_near_sub26,806,367.5936267821402,20.83999543397998
rich_50,0,0,sim_study2_near_sub17,808,346.74525877320707,21.31582043158511
rich_50,0,0,sim_study1_near_sub49,816,376.057213629434,20.884777779877183
rich_50,0,0,sim_study1_near_sub2,802,358.40431344299776,21.64267651053766
rich_50,0,0,sim_study2_near_sub7,812,375.752175664991,20.96525309390078
rich_50,0,0,sim_study2_near_sub6,808,375.1488658124924,21.23541542564829
rich_50,0,0,sim_study1_near_sub74,822,362.51587913824187,21.224204065464438
rich_50,0,0,sim_study2_near_sub16,806,371.7768011720802,21.0210960580036
rich_50,0,0,sim_study2_near_sub28,809,364.09702743771976,21.62065709040811
rich_50,0,0,sim_study2_near_sub14,805,327.4582725160118,22.11673240872721
rich_50,0,0,sim_study1_near_sub1,802,361.38038774456334,21.09372470866268
rich_50,0,0,sim_study2_near_sub4,832,355.34011453557866,22.049721268750726
rich_50,0,0,sim_study1_near_sub63,802,386.4129930305138,21.6873645497486
rich_50,0,0,sim_study2_near_sub15,808,361.2256041296397,21.203986808843908
rich_50,0,0,sim_study2_near_sub11,805,350.86121881264637,21.815875502768904
rich_50,0,0,sim_study2_near_sub39,821,374.10265464822,21.074502602374803
rich_50,0,0,sim_study1_near_sub67,836,359.0318297542162,21.413445989632358
rich_50,0,0,sim_study1_near_sub4,823,372.51919646074464,20.667329671202847
rich_50,0,0,sim_study2_near_sub1,806,378.67200453070586,20.82676040433968
rich_50,0,0,sim_study1_near_sub5,813,374.9657958443912,21.480329178087416
rich_50,0,0,sim_study1_near_sub66,811,353.3687552062105,20.945367304670313
rich_50,0,0,sim_study1_near_sub72,846,304.92631696755603,21.950594099766263
rich_50,0,0,sim_study2_near_sub38,801,377.1795012597978,21.0820720299768
rich_50,0,0,sim_study2_near_sub12,802,374.94228599987605,20.94242683065434
rich_50,0,0,sim_study1_near_sub70,804,365.15527765590514,20.89497390553976
rich_50,0,0,sim_study1_near_sub58,818,327.32892850958984,22.23284406894818
rich_50,0,0,sim_study1_near_sub7,826,337.9899041702931,21.651225230159852
rich_50,0,0,sim_study2_near_sub2,826,372.67017281013625,21.06852753063043
rich_50,0,0,sim_study1_near_sub6,828,368.40101683136874,21.245733626559375
rich_50,0,0,sim_study1_near_sub59,827,371.53629954670794,21.888196515974897
rich_50,0,0,sim_study1_near_sub71,807,378.30496358161344,20.746546902849026
rich_50,0,0,sim_study2_near_sub75,803,369.52715963960657,21.143239909193163
rich_50,0,0,sim_study2_near_sub61,807,373.3375834006478,20.79549208677684
rich_50,0,0,sim_study2_near_sub63,803,381.19854128055783,21.106910701903203
rich_50,0,0,sim_study1_near_sub29,832,371.3531853382194,20.610832602903248
rich_50,0,0,sim_study1_near_sub15,834,392.2574913072281,21.12917057921489
rich_50,0,0,sim_study1_near_sub14,821,333.32124725764584,22.135884127145015
rich_50,0,0,sim_study1_near_sub28,820,363.0601517029115,21.383075523780036
rich_50,0,0,sim_study2_near_sub72,805,380.04333277310883,21.07875129288683
rich_50,0,0,sim_study2_near_sub66,814,368.2056519867586,21.021455734937142
rich_50,0,0,sim_study1_near_sub10,814,365.11435916600215,21.12776645620664
rich_50,0,0,sim_study1_near_sub38,834,366.1678640740346,21.735749967365216
rich_50,0,0,sim_study1_near_sub39,837,385.5934567107921,21.309882829214136
rich_50,0,0,sim_study2_near_sub73,806,353.47470478848777,21.402148032560945
rich_50,0,0,sim_study2_near_sub65,802,385.23731347898513,20.957988874862593
rich_50,0,0,sim_study2_near_sub71,839,384.86436167258336,20.848863546829673
rich_50,0,0,sim_study2_near_sub59,821,372.27918773797927,20.762058176938446
rich_50,0,0,sim_study2_near_sub58,812,361.4930660656416,21.20377384039263
rich_50,0,0,sim_study2_near_sub70,824,366.5139524332382,21.65889164966842
rich_50,0,0,sim_study2_near_sub64,802,343.7824435271658,21.008985918791343
rich_50,0,8,sim_study2_near_sub41,771,301.572730577682,24.04955939872501
rich_50,0,8,sim_study1_near_sub23,822,353.37476909752905,22.29772368703658
rich_50,0,8,sim_study1_near_sub37,848,336.9874485228676,21.337778325782466
rich_50,0,8,sim_study1_near_sub36,814,311.61132164399777,23.74663051012903
rich_50,0,8,sim_study2_near_sub68,837,406.3482158199538,20.985983907959117
rich_50,0,8,sim_study2_near_sub42,823,361.8795218152087,24.244468299640964
rich_50,0,8,sim_study1_near_sub34,823,334.6987022851321,23.0708980595693
rich_50,0,8,sim_study1_near_sub21,802,337.59398066899087,22.211883893112347
rich_50,0,8,sim_study1_near_sub35,866,456.083779880263,19.78285459317267
rich_50,0,8,sim_study2_near_sub43,822,393.8118564977248,21.387997223095343
rich_50,0,8,sim_study2_near_sub57,830,399.0522245805505,21.084114995878195
rich_50,0,8,sim_study2_near_sub53,858,419.32820311019896,20.33554344096531
rich_50,0,8,sim_study2_near_sub47,806,355.40793599206603,23.641457717927793
rich_50,0,8,sim_study1_near_sub31,862,373.9644971865925,21.91971691049014
rich_50,0,8,sim_study1_near_sub18,794,319.36635429823696,24.190683824072284
rich_50,0,8,sim_study1_near_sub24,895,404.85133868144896,21.12601476274431
rich_50,0,8,sim_study1_near_sub30,813,355.9948675177618,22.69046159343173
rich_50,0,8,sim_study2_near_sub46,758,300.71219381042727,24.789392390009017
rich_50,0,8,sim_study2_near_sub52,845,382.8098774402754,21.686891384081292
rich_50,0,8,sim_study2_near_sub44,814,403.62283476469054,22.312791366161157
rich_50,0,8,sim_study1_near_sub26,803,351.33879074115833,22.980481483011193
rich_50,0,8,sim_study1_near_sub32,874,415.85371336940625,21.15574254716436
rich_50,0,8,sim_study1_near_sub33,800,325.8008713605685,23.690401061003406
rich_50,0,8,sim_study2_near_sub51,814,348.0330688589371,22.66620956600333
rich_50,0,8,sim_study2_near_sub45,836,418.482757952126,20.995470165430255
rich_50,0,8,sim_study2_near_sub36,834,401.22384826031345,20.81680470202118
rich_50,0,8,sim_study1_near_sub40,825,327.5447244153447,22.958270844724026
rich_50,0,8,sim_study1_near_sub54,803,357.07528679869,23.01978937163949
rich_50,0,8,sim_study1_near_sub41,757,291.90347079889347,24.634181680406133
rich_50,0,8,sim_study1_near_sub69,835,368.63029337929476,21.745703610063835
rich_50,0,8,sim_study2_near_sub37,816,406.1267383757201,21.282307230277603
rich_50,0,8,sim_study2_near_sub21,980,539.3965901557999,17.773065834057824
rich_50,0,8,sim_study1_near_sub57,807,299.8916283026615,24.388632248124726
rich_50,0,8,sim_study1_near_sub43,851,370.3131311144093,21.517863858273873
rich_50,0,8,sim_study1_near_sub8,859,405.5493638741523,21.239826787107937
rich_50,0,8,sim_study1_near_sub9,804,369.1473543503374,22.63319772901013
rich_50,0,8,sim_study1_near_sub56,865,432.84039277083923,20.529415177460763
rich_50,0,8,sim_study2_near_sub20,791,342.15514650597606,23.98370863059536
rich_50,0,8,sim_study2_near_sub30,847,402.56132732279747,21.12794210218514
rich_50,0,8,sim_study1_near_sub52,827,345.67268260748745,23.92482066641872
rich_50,0,8,sim_study2_near_sub8,814,399.0621707597202,21.467931010574098
rich_50,0,8,sim_study2_near_sub9,850,367.2086407444217,21.704854973778122
rich_50,0,8,sim_study1_near_sub47,866,329.1607360550817,23.0844580949905
rich_50,0,8,sim_study1_near_sub53,831,416.97416737885334,20.737880896497515
rich_50,0,8,sim_study2_near_sub19,805,372.9645864299337,22.180538724176582
rich_50,0,8,sim_study2_near_sub31,825,367.6121145840344,22.566808059873683
rich_50,0,8,sim_study2_near_sub27,828,412.2802540447723,20.782337615949412
rich_50,0,8,sim_study2_near_sub33,778,332.16649232224063,23.490070708282293
rich_50,0,8,sim_study1_near_sub45,831,380.4258036758215,22.09524895669892
rich_50,0,8,sim_study1_near_sub50,839,407.2868730895913,21.42896743143598
rich_50,0,8,sim_study2_near_sub32,773,296.12961947559285,24.604589069634677
rich_50,0,8,sim_study2_near_sub26,819,380.13091343776057,21.302505654407042
rich_50,0,8,sim_study2_near_sub17,831,365.232697034574,21.62161663553367
rich_50,0,8,sim_study1_near_sub49,821,366.9100312938126,22.005291810041918
rich_50,0,8,sim_study1_near_sub2,802,352.4388032065077,23.068360647931698
rich_50,0,8,sim_study2_near_sub7,835,411.4728962072674,20.842244448978455
rich_50,0,8,sim_study2_near_sub6,831,388.91588482096495,21.977928488018613
rich_50,0,8,sim_study1_near_sub74,822,353.6887336443052,22.357640197469543
rich_50,0,8,sim_study2_near_sub16,802,362.65492743445304,22.349839864888537
rich_50,0,8,sim_study2_near_sub28,792,341.29481981602174,23.330826425676545
rich_50,0,8,sim_study2_near_sub14,787,271.948369883806,25.4346901815695
rich_50,0,8,sim_study1_near_sub1,788,319.6977564034678,23.581083919977146
rich_50,0,8,sim_study2_near_sub4,836,346.84560443326404,22.945878282313547
rich_50,0,8,sim_study1_near_sub63,759,319.5562221427325,24.72446306506172
rich_50,0,8,sim_study2_near_sub15,842,392.7445247387403,21.33422076810772
rich_50,0,8,sim_study2_near_sub11,842,373.3939767453275,22.304080797700834
rich_50,0,8,sim_study2_near_sub39,845,398.26712806046794,21.13438918090736
rich_50,0,8,sim_study1_near_sub67,878,420.74425289209665,20.29845681674778
rich_50,0,8,sim_study1_near_sub4,802,332.61971015254994,22.706683627484985
rich_50,0,8,sim_study2_near_sub1,828,398.9353200647775,21.234122867789118
rich_50,0,8,sim_study1_near_sub5,814,375.9889775613083,22.511502588229874
rich_50,0,8,sim_study1_near_sub66,815,354.83163014724164,22.05181709624206
rich_50,0,8,sim_study1_near_sub72,875,335.30133665574357,22.02545030011485
rich_50,0,8,sim_study2_near_sub38,817,395.86834621632534,21.458431288289525
rich_50,0,8,sim_study2_near_sub12,831,398.9407696207661,21.070370067997523
rich_50,0,8,sim_study1_near_sub70,756,311.18634016152134,23.435345223437373
rich_50,0,8,sim_study1_near_sub58,828,323.7058973328273,23.32136669587344
rich_50,0,8,sim_study1_near_sub7,858,360.61220295453734,21.934569108579307
rich_50,0,8,sim_study2_near_sub2,889,467.8232052345843,19.04385294827322
rich_50,0,8,sim_study1_near_sub6,827,343.7650343276558,23.201632488643128
rich_50,0,8,sim_study1_near_sub59,862,402.0910089971174,21.7091786303247
rich_50,0,8,sim_study1_near_sub71,828,376.5441179238649,21.591882500611245
rich_50,0,8,sim_study2_near_sub75,832,419.2952693878974,20.605848292292407
rich_50,0,8,sim_study2_near_sub61,812,361.8187821338082,21.984314324210086
rich_50,0,8,sim_study2_near_sub63,810,394.2272308898085,21.773616786301137
rich_50,0,8,sim_study1_near_sub29,880,406.8735684487137,20.439768547968317
rich_50,0,8,sim_study1_near_sub15,813,381.7722062470582,22.848444278134654
rich_50,0,8,sim_study1_near_sub14,846,370.54699855217234,21.857432912228006
rich_50,0,8,sim_study1_near_sub28,826,352.8794912593448,23.11137254247442
rich_50,0,8,sim_study2_near_sub72,801,351.0371815995637,22.853831354000917
rich_50,0,8,sim_study2_near_sub66,805,337.55936033026455,23.26779689487691
rich_50,0,8,sim_study1_near_sub10,825,386.8298833054739,21.438547366019336
rich_50,0,8,sim_study1_near_sub38,802,333.7702459739662,23.65010857448603
rich_50,0,8,sim_study1_near_sub39,861,407.3150857735528,21.7812700286818
rich_50,0,8,sim_study2_near_sub73,831,367.3395065164973,21.925211239078394
rich_50,0,8,sim_study2_near_sub65,829,411.4807116323424,21.190127606038004
rich_50,0,8,sim_study2_near_sub71,826,369.98431112218805,22.353935661849874
rich_50,0,8,sim_study2_near_sub59,818,354.0090114452495,22.39414436745768
rich_50,0,8,sim_study2_near_sub58,815,350.32574553961433,22.524636450968682
rich_50,0,8,sim_study2_near_sub70,827,363.55065418797494,22.91606653664882
rich_50,0,8,sim_study2_near_sub64,845,398.99010230861734,20.462833733577277
rich_50,8,0,sim_study2_near_sub41,831,337.62273601666607,21.313833902807282
rich_50,8,0,sim_study1_near_sub23,830,397.08769511526964,18.111916875575357
rich_50,8,0,sim_study1_near_sub37,869,372.2851124529234,18.592320591832202
rich_50,8,0,sim_study1_near_sub36,807,305.0282753633114,21.914354417612778
rich_50,8,0,sim_study2_near_sub68,783,384.7502835457555,18.969761683916055
rich_50,8,0,sim_study2_near_sub42,863,388.3883858565652,20.85333993667737
rich_50,8,0,sim_study1_near_sub34,787,338.2463713709134,20.215350220538678
rich_50,8,0,sim_study1_near_sub21,855,321.24020261709643,20.948756566084917
rich_50,8,0,sim_study1_near_sub35,765,388.5858769779767,19.140054076289136
rich_50,8,0,sim_study2_near_sub43,794,390.6691963614484,19.380768396053465
rich_50,8,0,sim_study2_near_sub57,810,353.1443659111811,20.44412730478992
rich_50,8,0,sim_study2_near_sub53,788,408.7901976900931,18.27654160568491
rich_50,8,0,sim_study2_near_sub47,831,328.6398148081296,22.74406319670379
rich_50,8,0,sim_study1_near_sub31,805,401.4630378301212,18.134746365218113
rich_50,8,0,sim_study1_near_sub18,816,363.46127827432304,19.74827442280948
rich_50,8,0,sim_study1_near_sub24,824,366.56697976617045,19.567771459448462
rich_50,8,0,sim_study1_near_sub30,817,308.6803933528542,22.247228316636757
rich_50,8,0,sim_study2_near_sub46,828,377.39940574803245,20.006584467366338
rich_50,8,0,sim_study2_near_sub52,784,317.4938121142018,21.080215625371782
rich_50,8,0,sim_study2_near_sub44,804,500.1142760485442,15.806203020364045
rich_50,8,0,sim_study1_near_sub26,811,358.54692959136696,20.02927741839861
rich_50,8,0,sim_study1_near_sub32,881,381.6343404304529,20.04045035224408
rich_50,8,0,sim_study1_near_sub33,809,304.18973869340994,22.13241647377921
rich_50,8,0,sim_study2_near_sub51,816,306.36171291247047,21.91452346450339
rich_50,8,0,sim_study2_near_sub45,773,404.42389710558007,18.874464346033832
rich_50,8,0,sim_study2_near_sub36,782,421.6681263410584,17.448773824982347
rich_50,8,0,sim_study1_near_sub40,797,363.1324038355304,18.559811731179554
rich_50,8,0,sim_study1_near_sub54,819,369.8133469686097,20.72695824331604
rich_50,8,0,sim_study1_near_sub41,849,416.05532669268257,18.89611007316659
rich_50,8,0,sim_study1_near_sub69,799,330.3486131244848,20.805288593036433
rich_50,8,0,sim_study2_near_sub37,794,359.14278890661564,20.366170134457448
rich_50,8,0,sim_study2_near_sub21,802,342.4698012165554,20.468545035606564
rich_50,8,0,sim_study1_near_sub57,816,339.16204291135256,20.49693234845375
rich_50,8,0,sim_study1_near_sub43,831,335.4062930984687,20.441986599502464
rich_50,8,0,sim_study1_near_sub8,802,338.5174197631054,21.399738886929114
rich_50,8,0,sim_study1_near_sub9,789,456.2544356759547,17.031415868705757
rich_50,8,0,sim_study1_near_sub56,754,367.6694318979887,19.512971022942416
rich_50,8,0,sim_study2_near_sub20,798,418.16770858676784,19.14370292710761
rich_50,8,0,sim_study2_near_sub30,790,454.44876417770115,16.4069305495359
rich_50,8,0,sim_study1_near_sub52,867,396.06625176138664,19.503943138880032
rich_50,8,0,sim_study2_near_sub8,776,488.8537117873283,15.83027720997731
rich_50,8,0,sim_study2_near_sub9,798,335.3925457904195,19.40421531018025
rich_50,8,0,sim_study1_near_sub47,871,440.5729038600896,16.845301203072694
rich_50,8,0,sim_study1_near_sub53,781,409.4885145072816,19.105249251456307
rich_50,8,0,sim_study2_near_sub19,781,356.31985004195815,19.837570132656648
rich_50,8,0,sim_study2_near_sub31,831,387.5002539806069,20.044745152924833
rich_50,8,0,sim_study2_near_sub27,802,408.2348772889561,18.284181470951687
rich_50,8,0,sim_study2_near_sub33,851,332.265404191679,22.540795340202752
rich_50,8,0,sim_study1_near_sub45,859,426.61223519399164,18.861370027065274
rich_50,8,0,sim_study1_near_sub50,808,418.6641306062366,18.49204597646991
rich_50,8,0,sim_study2_near_sub32,847,437.48214155455196,17.65067324973643
rich_50,8,0,sim_study2_near_sub26,804,336.1142924958991,20.725144389116515
rich_50,8,0,sim_study2_near_sub17,794,349.8309267016291,19.86386589524336
rich_50,8,0,sim_study1_near_sub49,829,402.5449537426679,19.04747368778723
rich_50,8,0,sim_study1_near_sub2,784,385.433740295213,18.425112288755674
rich_50,8,0,sim_study2_near_sub7,767,384.8624904248294,18.78777233051757
rich_50,8,0,sim_study2_near_sub6,790,386.36860177370875,19.481724779183665
rich_50,8,0,sim_study1_near_sub74,823,362.4666340527391,20.56593655173977
rich_50,8,0,sim_study2_near_sub16,789,323.4522863611775,21.001670189900324
rich_50,8,0,sim_study2_near_sub28,810,449.82271143876915,17.742739818586656
rich_50,8,0,sim_study2_near_sub14,833,316.45471699904033,21.231943795457482
rich_50,8,0,sim_study1_near_sub1,830,374.16153404851906,19.827177044252554
rich_50,8,0,sim_study2_near_sub4,853,322.3438800406233,22.824338730890304
rich_50,8,0,sim_study1_near_sub63,833,417.3731762765625,20.15563086213854
rich_50,8,0,sim_study2_near_sub15,793,333.9180802337811,20.54782763455684
rich_50,8,0,sim_study2_near_sub11,789,364.9983909419941,19.594796418057133
rich_50,8,0,sim_study2_near_sub39,794,438.7961296634414,17.43503140773003
rich_50,8,0,sim_study1_near_sub67,786,366.0632615045616,19.466781871067358
rich_50,8,0,sim_study1_near_sub4,864,435.92193108562253,17.89829013614605
rich_50,8,0,sim_study2_near_sub1,791,334.8566846047502,20.948712406229845
rich_50,8,0,sim_study1_near_sub5,823,318.565176092101,22.216019129411627
rich_50,8,0,sim_study1_near_sub66,819,404.0721340812023,17.758644858095796
rich_50,8,0,sim_study1_near_sub72,818,270.485071720572,21.79678515934696
rich_50,8,0,sim_study2_near_sub38,789,426.9003932066138,17.555063642809788
rich_50,8,0,sim_study2_near_sub12,793,335.2273393931606,21.27915247054771
rich_50,8,0,sim_study1_near_sub70,832,389.92192166717234,19.252620019235962
rich_50,8,0,sim_study1_near_sub58,816,394.0965754992543,18.290205887798216
rich_50,8,0,sim_study1_near_sub7,813,347.82803653173136,19.605871150580548
rich_50,8,0,sim_study2_near_sub2,752,360.67102686182807,19.67221246364837
rich_50,8,0,sim_study1_near_sub6,830,355.5484029329038,20.70576382301127
rich_50,8,0,sim_study1_near_sub59,830,336.42199572770517,21.775959767432262
rich_50,8,0,sim_study1_near_sub71,798,329.4851286334116,21.13875619609219
rich_50,8,0,sim_study2_near_sub75,767,341.5263048123183,20.366851695254446
rich_50,8,0,sim_study2_near_sub61,803,329.1248744697505,21.491543409903535
rich_50,8,0,sim_study2_near_sub63,786,400.5424991883202,18.865611426346003
rich_50,8,0,sim_study1_near_sub29,830,360.74456347286286,19.684541856062907
rich_50,8,0,sim_study1_near_sub15,816,438.5152664229166,18.024196517964203
rich_50,8,0,sim_study1_near_sub14,770,295.4925073714952,21.51697185219576
rich_50,8,0,sim_study1_near_sub28,828,285.4080094948779,22.318716319355488
rich_50,8,0,sim_study2_near_sub72,819,402.52427709822746,19.4127998718371
rich_50,8,0,sim_study2_near_sub66,834,387.0448038272167,19.058934043968712
rich_50,8,0,sim_study1_near_sub10,776,389.00038433300966,18.4728965838595
rich_50,8,0,sim_study1_near_sub38,855,329.2166869347982,22.165919653667757
rich_50,8,0,sim_study1_near_sub39,824,386.3552647434335,19.492316695364813
rich_50,8,0,sim_study2_near_sub73,811,338.0815272415339,20.8955214237251
rich_50,8,0,sim_study2_near_sub65,775,410.00405531742786,18.409664067300035
rich_50,8,0,sim_study2_near_sub71,831,373.34786106165654,20.14014595424136
rich_50,8,0,sim_study2_near_sub59,814,407.32080384925234,17.952897512819618
rich_50,8,0,sim_study2_near_sub58,815,310.10765133449917,21.67088727358108
rich_50,8,0,sim_study2_near_sub70,827,437.5528473519547,17.69715978594807
rich_50,8,0,sim_study2_near_sub64,768,322.2484759968061,19.82508385926485
rich_50,8,8,sim_study2_near_sub41,865,354.50491645740624,21.898111878071603
rich_50,8,8,sim_study1_near_sub23,802,300.31072892935947,22.607363254576924
rich_50,8,8,sim_study1_near_sub37,888,357.771115128472,19.916062092703456
rich_50,8,8,sim_study1_near_sub36,866,393.68253249772556,19.67829540092498
rich_50,8,8,sim_study2_near_sub68,783,435.48107697371177,17.99293396131446
rich_50,8,8,sim_study2_near_sub42,881,379.3869619518541,21.694109206181015
rich_50,8,8,sim_study1_near_sub34,827,348.2801983342399,20.93123048461663
rich_50,8,8,sim_study1_near_sub21,884,364.6275167523029,20.51441184027741
rich_50,8,8,sim_study1_near_sub35,762,367.9517261772313,20.71247103729596
rich_50,8,8,sim_study2_near_sub43,807,428.109406774283,19.310270989872517
rich_50,8,8,sim_study2_near_sub57,829,408.4407326635005,19.29591318493088
rich_50,8,8,sim_study2_near_sub53,790,418.65608839942735,18.725496645333862
rich_50,8,8,sim_study2_near_sub47,857,372.65378417215175,22.082622687875602
rich_50,8,8,sim_study1_near_sub31,810,374.1076746331148,19.832280821353194
rich_50,8,8,sim_study1_near_sub18,847,392.89551336100897,19.462245342787355
rich_50,8,8,sim_study1_near_sub24,807,314.0829076149186,22.221743025102967
rich_50,8,8,sim_study1_near_sub30,851,387.1259396647194,20.306691809402157
rich_50,8,8,sim_study2_near_sub46,814,384.6863929320244,20.340561953031767
rich_50,8,8,sim_study2_near_sub52,829,459.1415260451663,17.13610287973036
rich_50,8,8,sim_study2_near_sub44,775,359.1852195730614,21.04667255940536
rich_50,8,8,sim_study1_near_sub26,823,315.72812664451305,22.471749659162015
rich_50,8,8,sim_study1_near_sub32,933,420.0812740020492,19.782799485481032
rich_50,8,8,sim_study1_near_sub33,845,352.12495787372484,21.37354420023039
rich_50,8,8,sim_study2_near_sub51,841,389.6769329061924,20.052989527986696
rich_50,8,8,sim_study2_near_sub45,768,283.5530580402034,24.74995641012986
rich_50,8,8,sim_study2_near_sub36,790,327.00299869672904,22.26412022551522
rich_50,8,8,sim_study1_near_sub40,790,292.41116137713664,21.961306684588394
rich_50,8,8,sim_study1_near_sub54,802,364.0847656630157,21.486208328550372
rich_50,8,8,sim_study1_near_sub41,854,377.34122868478187,21.201190681584798
rich_50,8,8,sim_study1_near_sub69,808,400.24923884396486,19.112283365800977
rich_50,8,8,sim_study2_near_sub37,804,394.33415255615404,19.82571563626019
rich_50,8,8,sim_study2_near_sub21,815,367.1564766105818,20.780662585857012
rich_50,8,8,sim_study1_near_sub57,834,354.2407875904322,20.828248362817494
rich_50,8,8,sim_study1_near_sub43,834,346.9115166794882,21.002245336771015
rich_50,8,8,sim_study1_near_sub8,844,483.6855504100736,17.292364726898573
rich_50,8,8,sim_study1_near_sub9,770,351.819977861943,21.26345386073614
rich_50,8,8,sim_study1_near_sub56,749,361.13711654468466,20.703368938248605
rich_50,8,8,sim_study2_near_sub20,780,357.63336213333565,22.166919457570962
rich_50,8,8,sim_study2_near_sub30,737,322.8156465271673,21.29370584284576
rich_50,8,8,sim_study1_near_sub52,831,407.0676796757598,19.744353685489234
rich_50,8,8,sim_study2_near_sub8,759,386.7665574691306,19.685972063057125
rich_50,8,8,sim_study2_near_sub9,817,361.77098287885485,19.195702436752615
rich_50,8,8,sim_study1_near_sub47,859,295.07568202812416,22.72062090689627
rich_50,8,8,sim_study1_near_sub53,774,400.3816029808475,20.171359596898156
rich_50,8,8,sim_study2_near_sub19,797,367.3164736047934,20.247099326861395
rich_50,8,8,sim_study2_near_sub31,798,329.1080835221094,23.32038995173449
rich_50,8,8,sim_study2_near_sub27,817,356.8401445566419,21.036424334300683
rich_50,8,8,sim_study2_near_sub33,867,472.9057254773561,18.390251248842105
rich_50,8,8,sim_study1_near_sub45,869,361.6168292173546,22.01424720621047
rich_50,8,8,sim_study1_near_sub50,782,329.2679220697645,22.1572481990171
rich_50,8,8,sim_study2_near_sub32,804,336.444246616109,21.681993920356035
rich_50,8,8,sim_study2_near_sub26,851,394.3078875142122,19.87948237263287
rich_50,8,8,sim_study2_near_sub17,819,332.2375411373465,21.86223775219793
rich_50,8,8,sim_study1_near_sub49,850,407.3601733859762,19.820715260257323
rich_50,8,8,sim_study1_near_sub2,772,265.52951415671043,23.757593196599434
rich_50,8,8,sim_study2_near_sub7,758,366.82123143709134,20.19888475608702
rich_50,8,8,sim_study2_near_sub6,773,286.90897234384136,24.23265899973921
rich_50,8,8,sim_study1_near_sub74,831,336.3453554893971,22.522823998689027
rich_50,8,8,sim_study2_near_sub16,808,359.74531707543207,20.712543946194153
rich_50,8,8,sim_study2_near_sub28,755,266.3271230715422,25.03097676731025
rich_50,8,8,sim_study2_near_sub14,851,348.40084410842337,20.990878965243855
rich_50,8,8,sim_study1_near_sub1,860,329.1655456752908,22.782180463646846
rich_50,8,8,sim_study2_near_sub4,884,332.6467916245376,23.61898385829603
rich_50,8,8,sim_study1_near_sub63,822,397.50048011880807,21.95472414777614
rich_50,8,8,sim_study2_near_sub15,809,348.0260389448881,21.180828803094727
rich_50,8,8,sim_study2_near_sub11,796,341.83639605295804,21.14110753859083
rich_50,8,8,sim_study2_near_sub39,759,331.7487667025229,21.966957055684176
rich_50,8,8,sim_study1_near_sub67,817,447.7546694875196,17.59730902512868
rich_50,8,8,sim_study1_near_sub4,845,328.7734669709389,22.16851497570363
rich_50,8,8,sim_study2_near_sub1,789,375.56675873319574,20.182250759688518
rich_50,8,8,sim_study1_near_sub5,829,350.9797740837515,22.12583977878094
rich_50,8,8,sim_study1_near_sub66,797,281.25952363839406,22.7745302916194
rich_50,8,8,sim_study1_near_sub72,841,342.86695922528804,19.782327412720768
rich_50,8,8,sim_study2_near_sub38,778,406.69765888573875,18.729780195172253
rich_50,8,8,sim_study2_near_sub12,824,430.85515666817366,19.006582267334064
rich_50,8,8,sim_study1_near_sub70,832,378.0942285526961,20.218527843958384
rich_50,8,8,sim_study1_near_sub58,797,289.40291934716754,23.53375783669762
rich_50,8,8,sim_study1_near_sub7,836,346.0124393901041,20.60826654179643
rich_50,8,8,sim_study2_near_sub2,764,325.65689863861894,22.11344939786941
rich_50,8,8,sim_study1_near_sub6,840,366.29663706475066,21.358612149907273
rich_50,8,8,sim_study1_near_sub59,828,436.7534034864636,18.916864482406528
rich_50,8,8,sim_study1_near_sub71,815,416.7381217248403,19.30472680727641
rich_50,8,8,sim_study2_near_sub75,781,350.592544137485,21.151481960713863
rich_50,8,8,sim_study2_near_sub61,822,416.99787616375284,19.521784441825
rich_50,8,8,sim_study2_near_sub63,799,468.6154276606193,17.290717328712343
rich_50,8,8,sim_study1_near_sub29,812,367.716505236786,20.294857091099644
rich_50,8,8,sim_study1_near_sub15,802,397.9040603054078,20.06296263554444
rich_50,8,8,sim_study1_near_sub14,809,331.99608359836077,21.257624367189905
rich_50,8,8,sim_study1_near_sub28,851,322.77849941834484,21.714358758491773
rich_50,8,8,sim_study2_near_sub72,808,306.853035699242,23.800185980880634
rich_50,8,8,sim_study2_near_sub66,803,271.5893829006462,23.947618516519043
rich_50,8,8,sim_study1_near_sub10,780,357.6935742746375,20.495403279488283
rich_50,8,8,sim_study1_near_sub38,905,431.9236691393944,19.873331663509212
rich_50,8,8,sim_study1_near_sub39,858,423.81967943108464,19.41470354734144
rich_50,8,8,sim_study2_near_sub73,826,326.3428007253352,22.45745841357857
rich_50,8,8,sim_study2_near_sub65,774,396.739569135289,19.64789847402523
rich_50,8,8,sim_study2_near_sub71,866,443.4865876282263,18.324009985973436
rich_50,8,8,sim_study2_near_sub59,802,433.80143218268927,17.574824046188343
rich_50,8,8,sim_study2_near_sub58,849,384.9230741734027,20.078118659369643
rich_50,8,8,sim_study2_near_sub70,803,361.5870597853691,21.11444533700123
rich_50,8,8,sim_study2_near_sub64,768,345.34039115306985,19.664686642245698
